date,ind,rain,ind,maxt,ind,mint,gmin,soil
01-jan-2019,0,0.200,0,9.8,0,9.2, , 
02-jan-2019,0,0.000,0,8.6,0,6.0, , 
03-jan-2019,0,0.000,0,8.2,0,6.2, , 
04-jan-2019,0,0.000,0,6.6,0,5.8, , 
05-jan-2019,0,0.000,0,9.5,0,1.7, , 
06-jan-2019,0,0.000,0,11.8,0,3.4, , 
07-jan-2019,0,0.000,0,11.7,0,7.7, , 
08-jan-2019,0,0.000,0,9.2,0,6.6, , 
09-jan-2019,0,0.800,0,9.2,0,5.2, , 
10-jan-2019,0,0.400,0,10.9,0,5.3, , 
11-jan-2019,0,0.600,0,10.1,0,8.2, , 
12-jan-2019,0,0.000,0,10.6,0,8.2, , 
13-jan-2019,0,0.400,0,11.3,0,8.2, , 
14-jan-2019,0,0.000,0,9.1,0,7.1, , 
15-jan-2019,0,0.200,0,10.2,0,7.2, , 
16-jan-2019,0,0.400,0,8.1,0,6.1, , 
17-jan-2019,0,0.700,0,5.5,0,1.4, , 
18-jan-2019,0,0.000,0,9.7,0,1.4, , 
19-jan-2019,0,0.700,0,7.9,0,5.2, , 
20-jan-2019,0,0.100,0,7.8,0,5.5, , 
21-jan-2019,0,1.600,0,7.4,0,1.2, , 
22-jan-2019,0,0.000,0,5.0,0,1.9, , 
23-jan-2019,0,0.500,0,6.4,0,0.9, , 
24-jan-2019,0,1.900,0,10.6,0,2.2, , 
25-jan-2019,0,0.000,0,11.3,0,6.4, , 
26-jan-2019,0,3.000,0,11.6,0,8.4, , 
27-jan-2019,0,0.000,0,6.8,0,3.1, , 
28-jan-2019,0,0.400,0,7.2,0,1.4, , 
29-jan-2019,0,1.900,0,4.7,0,1.5, , 
30-jan-2019,0,0.700,0,4.2,0,0.0, , 
31-jan-2019,0,2.300,0,4.6,1,-2.7, , 
01-feb-2019,0,0.100,0,4.8,0,2.1, , 
02-feb-2019,0,0.000,0,6.2,1,-0.3, , 
03-feb-2019,0,0.500,0,10.0,1,-0.1, , 
04-feb-2019,0,0.000,0,10.0,0,5.4, , 
05-feb-2019,0,1.800,0,13.4,0,1.5, , 
06-feb-2019,0,7.200,0,11.4,0,6.2, , 
07-feb-2019,0,1.900,0,11.8,0,2.1, , 
08-feb-2019,0,2.500,0,11.3,0,4.9, , 
09-feb-2019,0,0.600,0,9.9,0,6.0, , 
10-feb-2019,0,1.700,0,7.6,0,2.6, , 
11-feb-2019,0,0.000,0,10.4,0,2.6, , 
12-feb-2019,0,0.000,0,13.1,0,4.4, , 
13-feb-2019,0,0.000,0,12.4,0,10.0, , 
14-feb-2019,0,0.000,0,14.3,0,5.8, , 
15-feb-2019,0,0.000,0,16.4,0,4.4, , 
16-feb-2019,0,0.300,0,12.9,0,8.2, , 
17-feb-2019,0,0.000,0,12.7,0,8.5, , 
18-feb-2019,0,0.100,0,10.4,0,6.6, , 
19-feb-2019,0,0.300,0,11.6,0,5.5, , 
20-feb-2019,0,0.000,0,14.3,0,7.0, , 
21-feb-2019,0,0.000,0,14.7,0,11.2, , 
22-feb-2019,0,0.000,0,14.8,0,10.2, , 
23-feb-2019,0,0.000,0,14.4,0,10.1, , 
24-feb-2019,0,0.000,0,11.6,0,5.2, , 
25-feb-2019,0,0.000,0,14.8,0,6.3, , 
26-feb-2019,0,0.000,0,15.7,0,4.3, , 
27-feb-2019,0,0.000,0,12.2,0,4.2, , 
28-feb-2019,0,0.000,0,11.3,0,5.1, , 
01-mar-2019,0,1.000,0,14.2,0,6.8, , 
02-mar-2019,0,2.700,0,13.2,0,6.1, , 
03-mar-2019,0,20.500,0,7.9,0,6.8, , 
04-mar-2019,0,0.900,0,7.0,0,0.8, , 
05-mar-2019,0,13.000,0,11.2,0,4.1, , 
06-mar-2019,0,0.000,0,13.0,0,7.0, , 
07-mar-2019,0,0.100,0,10.8,0,4.9, , 
08-mar-2019,0,1.600,0,11.1,0,3.6, , 
09-mar-2019,0,7.600,0,9.9,0,6.6, , 
10-mar-2019,0,1.600,0,7.9,0,3.2, , 
11-mar-2019,0,3.500,0,12.0,0,1.8, , 
12-mar-2019,0,1.200,0,9.0,0,4.9, , 
13-mar-2019,0,3.300,0,10.6,0,5.2, , 
14-mar-2019,0,2.600,0,11.9,0,6.6, , 
15-mar-2019,0,8.400,0,11.5,0,7.8, , 
16-mar-2019,0,2.800,0,12.6,0,5.8, , 
17-mar-2019,0,0.400,0,11.6,0,2.0, , 
18-mar-2019,0,0.600,0,11.6,0,4.3, , 
19-mar-2019,0,0.000,0,14.2,0,6.8, , 
20-mar-2019,4,0.000,0,17.8,0,7.9, , 
21-mar-2019,0,0.000,0,13.9,0,10.2, , 
22-mar-2019,0,0.600,0,12.2,0,10.4, , 
23-mar-2019,0,0.000,0,10.5,0,4.8, , 
25-mar-2019,0,0.000,0,11.9,0,5.9, , 
26-mar-2019,0,0.000,0,13.6,0,5.5, , 
27-mar-2019,0,0.000,0,14.2,0,6.5, , 
28-mar-2019,0,0.000,0,17.3,0,5.5, , 
29-mar-2019,0,0.000,0,11.3,0,5.6, , 
30-mar-2019,0,0.000,0,12.8,0,7.4, , 
31-mar-2019,0,0.000,0,9.9,0,3.2, , 
01-apr-2019,0,1.300,0,12.8,0,4.8, , 
02-apr-2019,0,2.000,0,8.5,0,3.0, , 
03-apr-2019,0,7.800,0,8.1,0,2.9, , 
04-apr-2019,0,13.400,0,8.1,0,4.6, , 
05-apr-2019,0,3.500,0,8.8,0,1.6, , 
06-apr-2019,0,0.000,0,10.3,0,2.9, , 
07-apr-2019,0,0.000,0,10.8,0,4.8, , 
08-apr-2019,0,1.100,0,9.4,0,6.4, , 
09-apr-2019,0,0.000,0,10.1,0,8.1, , 
10-apr-2019,0,0.000,0,8.9,0,6.5, , 
11-apr-2019,0,0.000,0,13.2,0,2.8, , 
12-apr-2019,0,0.000,0,10.6,0,3.5, , 
13-apr-2019,0,0.000,0,9.2,0,6.8, , 
14-apr-2019,0,4.100,0,8.2,0,5.9, , 
15-apr-2019,0,4.400,0,9.6,0,5.5, , 
16-apr-2019,0,0.000,0,9.7,0,6.1, , 
17-apr-2019,0,0.000,0,11.6,0,2.8, , 
18-apr-2019,0,0.000,0,13.9,0,6.5, , 
19-apr-2019,0,0.000,0,18.9,0,7.6, , 
20-apr-2019,0,0.000,0,19.0,0,8.4, , 
21-apr-2019,0,0.000,0,22.7,0,10.4, , 
22-apr-2019,0,0.000,0,19.8,0,7.9, , 
23-apr-2019,0,0.000,0,15.6,0,9.8, , 
24-apr-2019,0,4.900,0,14.3,0,10.5, , 
25-apr-2019,0,7.700,0,11.2,0,8.1, , 
26-apr-2019,0,10.100,0,12.2,0,8.8, , 
27-apr-2019,0,0.000,0,11.9,0,6.2, , 
28-apr-2019,0,0.100,0,11.9,0,6.4, , 
29-apr-2019,0,1.300,0,11.6,0,8.3, , 
30-apr-2019,0,0.400,0,12.5,0,10.2, , 
01-may-2019,0,0.100,0,15.5,0,8.3, , 
02-may-2019,0,0.300,0,14.8,0,8.8, , 
03-may-2019,0,0.000,0,11.9,0,8.1, , 
04-may-2019,0,0.000,0,11.9,0,3.4, , 
05-may-2019,0,0.000,0,11.5,0,3.6, , 
06-may-2019,0,0.100,0,11.3,0,6.4, , 
07-may-2019,0,3.000,0,12.6,0,8.3, , 
08-may-2019,0,0.700,0,9.2,0,7.8, , 
09-may-2019,0,8.900,0,9.9,0,7.6, , 
10-may-2019,0,0.000,0,12.6,0,5.2, , 
11-may-2019,0,0.000,0,14.3,0,5.2, , 
12-may-2019,0,0.000,0,16.4,0,5.1, , 
13-may-2019,0,0.000,0,18.6,0,8.1, , 
14-may-2019,0,0.000,0,18.3,0,7.1, , 
15-may-2019,0,0.000,0,18.5,0,7.8, , 
16-may-2019,0,0.000,0,16.1,0,9.1, , 
17-may-2019,0,0.600,0,14.1,0,9.8, , 
18-may-2019,0,0.200,0,14.4,0,9.8, , 
19-may-2019,0,0.400,0,14.5,0,9.3, , 
20-may-2019,0,0.600,0,15.7,0,8.4, , 
21-may-2019,0,0.000,0,15.1,0,7.5, , 
22-may-2019,0,0.000,0,14.1,0,11.1, , 
23-may-2019,0,0.000,0,16.3,0,10.7, , 
24-may-2019,0,0.100,0,18.2,0,11.9, , 
25-may-2019,0,0.300,0,19.4,0,12.9, , 
26-may-2019,0,0.700,0,17.8,0,13.2, , 
27-may-2019,0,10.000,0,16.2,0,10.8, , 
28-may-2019,0,1.200,0,14.8,0,9.3, , 
29-may-2019,0,0.700,0,17.6,0,9.9, , 
30-may-2019,0,0.100,0,21.6,0,10.8, , 
31-may-2019,0,0.000,0,19.3,0,15.6, , 
01-jun-2019,0,0.700,0,18.7,0,10.0, , 
02-jun-2019,1,0.100,0,19.1,0,12.6, , 
03-jun-2019,1,6.400,0,17.7,0,10.1, , 
04-jun-2019,1,16.700,0,12.0,0,10.5, , 
05-jun-2019,0,0.000,0,12.7,0,9.2, , 
06-jun-2019,0,0.600,0,16.5,0,8.3, , 
07-jun-2019,0,0.300,0,14.5,0,5.8, , 
08-jun-2019,0,0.000,0,16.8,0,8.8, , 
09-jun-2019,0,3.400,0,16.1,0,9.2, , 
10-jun-2019,0,0.000,0,15.8,0,10.1, , 
11-jun-2019,0,0.000,0,15.4,0,9.4, , 
12-jun-2019,0,4.500,0,11.9,0,11.1, , 
13-jun-2019,0,0.200,0,12.7,0,10.0, , 
14-jun-2019,0,14.400,0,15.4,0,7.7, , 
15-jun-2019,0,0.000,0,16.1,0,9.4, , 
16-jun-2019,0,5.200,0,17.7,0,10.2, , 
17-jun-2019,0,0.000,0,18.9,0,11.4, , 
18-jun-2019,0,0.000,0,18.2,0,11.2, , 
19-jun-2019,0,1.100,0,18.2,0,11.8, , 
20-jun-2019,0,0.900,0,17.4,0,10.1, , 
21-jun-2019,0,0.000,0,16.9,0,8.6, , 
22-jun-2019,0,0.200,0,16.7,0,8.9, , 
23-jun-2019,0,16.800,0,16.9,0,13.0, , 
24-jun-2019,0,4.200,0,18.0,0,13.3, , 
25-jun-2019,0,0.000,0,18.7,0,13.8, , 
26-jun-2019,0,0.000,0,17.9,0,13.1, , 
27-jun-2019,0,0.000,0,18.2,0,13.4, , 
28-jun-2019,0,0.000,0,22.4,0,14.0, , 
29-jun-2019,0,0.000,0,20.5,0,15.3, , 
30-jun-2019,0,0.300,0,20.1,0,15.1, , 
01-jul-2019,0,0.100,0,18.9,0,13.1, , 
02-jul-2019,0,0.000,0,17.4,0,13.0, , 
03-jul-2019,0,0.000,0,17.8,0,9.9, , 
04-jul-2019,0,0.000,0,23.2,0,11.6, , 
05-jul-2019,0,0.000,0,20.8,0,12.2, , 
06-jul-2019,0,0.400,0,16.1,0,14.3, , 
07-jul-2019,0,0.000,0,18.2,0,11.6, , 
08-jul-2019,0,1.100,0,17.6,0,11.7, , 
09-jul-2019,0,0.000,0,22.1,0,13.8, , 
10-jul-2019,0,7.500,0,20.9,0,16.1, , 
11-jul-2019,0,0.200,0,22.4,0,16.3, , 
12-jul-2019,0,0.000,0,18.9,0,14.8, , 
13-jul-2019,0,0.000,0,20.0,0,14.2, , 
14-jul-2019,0,0.000,0,17.8,0,12.1, , 
15-jul-2019,0,0.000,0,23.8,0,12.6, , 
16-jul-2019,0,0.000,0,22.8,0,16.1, , 
17-jul-2019,0,1.000,0,21.2,0,16.6, , 
18-jul-2019,0,3.200,0,21.0,0,13.9, , 
19-jul-2019,0,2.400,0,21.4,0,13.6, , 
20-jul-2019,0,0.000,0,19.2,0,14.2, , 
21-jul-2019,0,2.600,0,20.7,0,13.7, , 
22-jul-2019,0,0.000,0,25.5,0,17.2, , 
23-jul-2019,0,0.000,0,24.5,0,15.8, , 
24-jul-2019,0,0.000,0,23.5,0,15.7, , 
25-jul-2019,0,0.000,0,23.1,0,16.8, , 
26-jul-2019,0,0.200,0,24.0,0,17.8, , 
27-jul-2019,0,0.000,0,21.4,0,13.8, , 
28-jul-2019,0,0.000,0,21.5,0,12.9, , 
29-jul-2019,0,1.300,0,19.6,0,13.9, , 
30-jul-2019,0,31.500,0,18.8,0,14.2, , 
31-jul-2019,0,0.000,0,20.6,0,13.8, , 
01-aug-2019,0,0.000,0,19.6,0,10.2, , 
02-aug-2019,0,0.000,0,21.6,0,9.2, , 
03-aug-2019,0,2.300,0,21.0,0,13.3, , 
04-aug-2019,0,4.300,0,22.5,0,13.2, , 
05-aug-2019,0,1.400,0,22.0,0,12.1, , 
06-aug-2019,0,1.500,0,19.6,0,14.0, , 
07-aug-2019,0,0.000,0,21.6,0,12.8, , 
08-aug-2019,0,29.700,0,18.7,0,13.8, , 
09-aug-2019,0,2.300,0,19.3,0,15.0, , 
10-aug-2019,0,8.000,0,19.4,0,16.7, , 
11-aug-2019,0,0.000,0,18.4,0,13.3, , 
12-aug-2019,0,5.700,0,18.1,0,10.3, , 
13-aug-2019,0,2.400,0,17.8,0,10.2, , 
14-aug-2019,0,1.500,0,21.4,0,12.9, , 
15-aug-2019,0,2.300,0,20.1,0,13.9, , 
16-aug-2019,0,4.300,0,21.1,0,14.9, , 
17-aug-2019,0,0.000,0,18.6,0,12.9, , 
18-aug-2019,0,2.100,0,17.7,0,12.5, , 
19-aug-2019,0,0.500,0,17.8,0,11.5, , 
20-aug-2019,0,2.500,0,17.0,0,9.7, , 
21-aug-2019,0,1.800,0,17.1,0,12.1, , 
22-aug-2019,0,0.100,0,21.5,0,13.7, , 
23-aug-2019,0,0.000,0,23.6,0,15.2, , 
24-aug-2019,0,0.000,0,20.2,0,13.6, , 
25-aug-2019,0,0.000,0,21.1,0,14.0, , 
26-aug-2019,0,0.000,0,19.6,0,13.6, , 
27-aug-2019,0,0.000,0,22.2,0,13.4, , 
28-aug-2019,0,0.000,0,19.4,0,12.6, , 
29-aug-2019,0,0.000,0,20.5,0,12.6, , 
30-aug-2019,0,0.600,0,20.8,0,15.2, , 
31-aug-2019,0,1.200,0,18.2,0,12.8, , 
01-sep-2019,0,0.000,0,18.1,0,10.1, , 
02-sep-2019,0,1.800,0,17.0,0,11.6, , 
03-sep-2019,0,1.000,0,21.7,0,14.1, , 
04-sep-2019,0,0.000,0,16.9,0,11.1, , 
05-sep-2019,0,0.200,0,19.2,0,9.1, , 
06-sep-2019,0,0.000,0,18.6,0,11.7, , 
07-sep-2019,0,0.000,0,17.6,0,12.2, , 
08-sep-2019,0,6.000,0,19.0,0,11.2, , 
09-sep-2019,0,0.100,0,18.0,0,12.6, , 
10-sep-2019,0,0.600,0,18.1,0,8.5, , 
11-sep-2019,0,0.100,0,19.3,0,10.9, , 
12-sep-2019,0,0.100,0,21.7,0,14.6, , 
13-sep-2019,0,0.000,0,18.4,0,10.1, , 
14-sep-2019,0,0.100,0,21.2,0,8.6, , 
15-sep-2019,0,11.600,0,14.0,0,12.8, , 
16-sep-2019,0,0.100,0,14.8,0,12.2, , 
17-sep-2019,0,0.000,0,17.2,0,8.9, , 
18-sep-2019,0,0.000,0,18.2,0,9.0, , 
19-sep-2019,0,0.000,0,18.1,0,9.6, , 
20-sep-2019,0,0.000,0,18.3,0,9.8, , 
21-sep-2019,0,11.800,0,20.5,0,13.2, , 
22-sep-2019,0,5.300,0,17.9,0,14.8, , 
23-sep-2019,0,6.800,0,17.4,0,9.6, , 
24-sep-2019,0,0.100,0,20.1,0,11.9, , 
25-sep-2019,0,1.600,0,19.1,0,14.1, , 
26-sep-2019,0,5.000,0,17.6,0,13.2, , 
27-sep-2019,0,1.700,0,16.8,0,12.2, , 
28-sep-2019,0,21.800,0,17.2,0,12.4, , 
29-sep-2019,0,0.000,0,16.9,0,11.7, , 
30-sep-2019,0,33.100,0,13.5,0,8.6, , 
01-oct-2019,0,8.600,0,11.1,0,9.1, , 
02-oct-2019,0,0.000,0,13.0,0,4.9, , 
03-oct-2019,0,1.900,0,16.6,0,5.6, , 
04-oct-2019,0,2.300,0,16.1,0,12.3, , 
05-oct-2019,0,15.000,0,15.7,0,11.5, , 
06-oct-2019,0,5.100,0,16.5,0,10.4, , 
07-oct-2019,0,0.200,0,18.0,0,10.9, , 
08-oct-2019,0,0.100,0,15.5,0,11.9, , 
09-oct-2019,0,0.100,0,14.8,0,9.8, , 
10-oct-2019,0,1.800,0,17.2,0,10.5, , 
11-oct-2019,0,0.200,0,15.6,0,11.5, , 
12-oct-2019,0,3.300,0,15.8,0,9.3, , 
13-oct-2019,0,10.600,0,14.3,0,9.2, , 
14-oct-2019,0,4.000,0,14.8,0,6.4, , 
15-oct-2019,0,0.800,0,15.6,0,9.2, , 
16-oct-2019,0,0.000,0,15.4,0,9.1, , 
17-oct-2019,0,0.900,0,14.7,0,9.5, , 
18-oct-2019,0,0.900,0,13.3,0,7.6, , 
19-oct-2019,0,0.900,0,12.8,0,8.2, , 
20-oct-2019,0,0.000,0,12.5,0,6.9, , 
21-oct-2019,0,0.000,0,13.7,0,5.8, , 
22-oct-2019,0,0.000,0,12.6,0,6.0, , 
23-oct-2019,0,0.100,0,14.0,0,9.1, , 
24-oct-2019,0,1.800,0,14.8,0,9.8, , 
25-oct-2019,0,12.100,0,7.9,0,4.6, , 
26-oct-2019,0,0.000,0,10.2,0,5.8, , 
27-oct-2019,0,0.000,0,11.5,0,4.7, , 
28-oct-2019,0,0.000,0,11.1,0,4.0, , 
29-oct-2019,0,0.000,0,10.8,0,4.2, , 
30-oct-2019,0,0.300,0,11.6,0,9.3, , 
31-oct-2019,0,4.200,0,14.2,0,9.4, , 
01-nov-2019,0,3.400,0,14.9,0,9.5, , 
02-nov-2019,0,33.200,0,11.4,0,7.6, , 
03-nov-2019,0,1.000,0,10.4,0,6.9, , 
04-nov-2019,0,19.400,0,10.6,0,7.3, , 
05-nov-2019,0,0.100,0,11.1,0,7.8, , 
06-nov-2019,0,12.700,0,10.1,0,6.1, , 
07-nov-2019,0,20.200,0,9.3,0,5.7, , 
08-nov-2019,0,4.400,0,9.8,0,5.5, , 
09-nov-2019,0,6.500,0,8.9,0,5.1, , 
10-nov-2019,0,5.600,0,8.4,0,3.5, , 
11-nov-2019,0,0.000,0,8.6,0,3.5, , 
12-nov-2019,0,0.000,0,9.4,0,3.8, , 
13-nov-2019,0,12.400,0,8.8,0,3.9, , 
14-nov-2019,0,0.000,0,7.0,0,4.9, , 
15-nov-2019,0,0.000,0,8.0,0,3.2, , 
16-nov-2019,0,0.000,0,4.9,0,2.8, , 
17-nov-2019,0,0.000,0,8.4,0,2.5, , 
18-nov-2019,0,0.000,0,9.9,0,1.1, , 
19-nov-2019,0,8.600,0,11.4,0,1.2, , 
20-nov-2019,0,3.000,0,9.8,0,3.2, , 
21-nov-2019,0,8.000,0,8.0,0,6.9, , 
22-nov-2019,0,19.600,0,9.2,0,6.5, , 
23-nov-2019,0,0.800,0,10.2,0,6.4, , 
24-nov-2019,0,4.000,0,10.2,0,7.8, , 
25-nov-2019,0,4.900,0,11.4,0,7.7, , 
26-nov-2019,0,10.100,0,12.4,0,8.2, , 
27-nov-2019,0,0.000,0,11.7,0,8.1, , 
28-nov-2019,0,2.000,0,9.6,0,7.5, , 
29-nov-2019,0,1.300,0,7.9,0,4.5, , 
30-nov-2019,0,0.200,0,8.6,0,5.0, , 
01-dec-2019,0,0.300,0,6.9,0,3.4, , 
02-dec-2019,0,0.000,0,7.0,0,1.9, , 
03-dec-2019,0,0.000,0,9.5,0,1.0, , 
04-dec-2019,0,0.000,0,10.4,0,1.8, , 
05-dec-2019,0,0.300,0,13.2,0,6.8, , 
06-dec-2019,0,0.000,0,11.3,0,8.3, , 
07-dec-2019,0,5.500,0,13.7,0,8.5, , 
08-dec-2019,0,6.000,0,9.6,0,7.2, , 
09-dec-2019,0,0.000,0,14.1,0,5.9, , 
10-dec-2019,0,4.300,0,15.1,0,6.2, , 
11-dec-2019,0,6.400,0,6.7,0,4.9, , 
12-dec-2019,0,5.300,0,9.3,0,4.0, , 
13-dec-2019,0,0.100,0,8.3,0,5.5, , 
14-dec-2019,0,0.000,0,6.4,0,3.6, , 
15-dec-2019,0,0.000,0,6.8,0,2.5, , 
16-dec-2019,0,0.000,0,6.7,0,2.0, , 
17-dec-2019,0,0.000,0,8.3,0,4.0, , 
18-dec-2019,0,8.500,0,12.2,0,1.0, , 
19-dec-2019,0,12.200,0,10.1,0,8.1, , 
20-dec-2019,0,0.000,0,7.9,0,5.6, , 
21-dec-2019,0,0.000,0,6.6,0,3.4, , 
22-dec-2019,0,0.000,0,8.5,0,3.8, , 
23-dec-2019,0,3.100,0,8.7,0,6.1, , 
24-dec-2019,0,0.000,0,8.8,0,5.6, , 
25-dec-2019,0,0.700,0,8.1,0,3.4, , 
26-dec-2019,0,2.200,0,10.5,0,3.2, , 
27-dec-2019,0,0.000,0,14.5,0,7.2, , 
28-dec-2019,0,0.000,0,15.4,0,8.9, , 
29-dec-2019,0,0.000,0,14.0,0,10.9, , 
30-dec-2019,0,0.100,0,12.5,0,7.5, , 
31-dec-2019,0,0.000,0,9.8,0,8.2, , 
01-jan-2020,0,0.000,0,10.8,0,4.5, , 
02-jan-2020,0,0.500,0,12.8,0,3.1, , 
03-jan-2020,0,0.000,0,8.5,0,5.8, , 
04-jan-2020,0,0.000,0,9.4,0,5.1, , 
05-jan-2020,0,1.900,0,12.0,0,7.3, , 
06-jan-2020,0,2.800,0,14.1,0,9.1, , 
07-jan-2020,0,0.000,0,15.5,0,7.3, , 
08-jan-2020,0,10.900,0,8.9,0,8.8, , 
09-jan-2020,0,0.000,0,6.6,0,3.9, , 
10-jan-2020,0,0.000,0,13.2,0,2.4, , 
11-jan-2020,0,10.400,0,14.1,0,3.6, , 
12-jan-2020,0,0.100,0,8.5,0,5.9, , 
13-jan-2020,0,7.300,0,10.0,0,5.1, , 
14-jan-2020,0,2.500,0,7.3,0,5.6, , 
15-jan-2020,0,0.100,0,10.1,0,4.9, , 
16-jan-2020,0,3.100,0,12.7,0,5.8, , 
17-jan-2020,0,0.000,0,7.1,0,4.8, , 
18-jan-2020,0,0.000,0,6.7,0,1.3, , 
19-jan-2020,0,0.000,0,8.4,0,0.1, , 
20-jan-2020,0,0.000,0,9.2,0,0.1, , 
21-jan-2020,0,0.100,0,9.0,0,4.8, , 
22-jan-2020,0,0.000,0,11.1,0,6.9, , 
23-jan-2020,0,0.000,0,11.6,0,7.1, , 
24-jan-2020,0,0.000,0,8.0,0,6.3, , 
25-jan-2020,0,1.600,0,10.5,0,6.0, , 
26-jan-2020,0,0.100,0,8.3,0,5.5, , 
27-jan-2020,0,0.000,0,8.0,0,4.1, , 
28-jan-2020,0,0.000,0,6.6,0,2.3, , 
29-jan-2020,0,0.000,0,11.7,0,3.2, , 
30-jan-2020,0,0.500,0,13.8,0,5.4, , 
31-jan-2020,0,0.000,0,14.4,0,9.3, , 
01-feb-2020,0,2.300,0,11.4,0,8.3, , 
02-feb-2020,0,0.700,0,12.1,0,5.8, , 
03-feb-2020,0,0.400,0,8.7,0,6.6, , 
04-feb-2020,0,0.000,0,10.0,0,4.0, , 
05-feb-2020,0,0.000,0,10.4,0,2.8, , 
06-feb-2020,0,0.000,0,10.1,0,1.0, , 
07-feb-2020,0,0.500,0,11.0,0,2.3, , 
08-feb-2020,0,31.000,0,12.7,0,5.5, , 
09-feb-2020,0,17.600,0,12.3,0,7.0, , 
10-feb-2020,0,2.900,0,5.6,0,3.6, , 
11-feb-2020,0,4.400,0,4.8,0,1.6, , 
12-feb-2020,0,8.200,0,7.9,0,1.9, , 
13-feb-2020,0,0.000,0,11.8,0,3.5, , 
14-feb-2020,0,2.700,0,12.8,0,4.3, , 
15-feb-2020,0,18.900,0,13.6,0,7.1, , 
16-feb-2020,0,2.100,0,9.0,0,5.1, , 
17-feb-2020,0,3.400,0,9.3,0,4.9, , 
18-feb-2020,0,1.300,0,8.4,0,4.4, , 
19-feb-2020,0,6.400,0,11.1,0,3.6, , 
20-feb-2020,0,0.600,0,9.5,0,5.2, , 
21-feb-2020,0,5.700,0,12.5,0,3.9, , 
22-feb-2020,0,8.400,0,9.4,0,7.2, , 
23-feb-2020,0,15.500,0,12.1,0,5.8, , 
24-feb-2020,0,0.700,0,12.4,0,4.7, , 
25-feb-2020,0,2.400,0,6.1,0,3.7, , 
26-feb-2020,0,0.100,0,8.1,0,2.0, , 
27-feb-2020,0,0.800,0,8.9,0,1.6, , 
28-feb-2020,0,1.700,0,14.6,0,2.9, , 
29-feb-2020,0,5.000,0,7.2,0,3.3, , 
01-mar-2020,0,1.000,0,7.2,0,3.3, , 
02-mar-2020,0,0.700,0,6.3,0,2.7, , 
03-mar-2020,0,0.000,0,9.8,0,3.5, , 
04-mar-2020,0,0.000,0,8.4,0,3.3, , 
05-mar-2020,0,1.000,0,8.1,0,0.3, , 
06-mar-2020,0,0.000,0,10.7,0,1.2, , 
07-mar-2020,0,0.800,0,12.9,0,3.9, , 
08-mar-2020,0,0.900,0,13.1,0,5.4, , 
09-mar-2020,0,6.400,0,14.2,0,5.6, , 
10-mar-2020,0,0.900,0,12.4,0,5.8, , 
11-mar-2020,0,9.600,0,10.2,0,6.4, , 
12-mar-2020,0,2.200,0,9.5,0,1.8, , 
13-mar-2020,0,0.000,0,11.5,0,4.7, , 
14-mar-2020,0,0.800,0,12.8,0,5.3, , 
15-mar-2020,0,0.000,0,10.1,0,5.9, , 
16-mar-2020,0,0.000,0,10.9,0,2.1, , 
17-mar-2020,0,2.000,0,13.7,0,6.6, , 
18-mar-2020,0,0.000,0,8.8,0,7.1, , 
19-mar-2020,0,0.000,0,9.9,0,1.2, , 
20-mar-2020,0,0.000,0,8.7,0,0.5, , 
21-mar-2020,0,0.000,0,8.5,0,3.5, , 
22-mar-2020,0,0.000,0,12.2,0,1.2, , 
23-mar-2020,0,0.000,0,14.5,0,1.7, , 
24-mar-2020,0,0.000,0,13.8,0,7.1, , 
25-mar-2020,0,0.000,0,15.5,0,6.3, , 
26-mar-2020,0,0.000,0,14.0,0,5.3, , 
27-mar-2020,0,0.000,0,9.7,0,3.9, , 
28-mar-2020,0,0.000,0,9.5,0,5.5, , 
29-mar-2020,0,0.000,0,8.1,0,4.3, , 
30-mar-2020,0,0.000,0,9.3,0,1.2, , 
31-mar-2020,0,0.000,0,10.1,0,3.6, , 
01-apr-2020,0,0.300,0,10.5,0,6.7, , 
02-apr-2020,0,0.300,0,11.6,0,6.5, , 
03-apr-2020,0,1.500,0,11.5,0,7.0, , 
04-apr-2020,0,0.000,0,12.0,0,7.9, , 
05-apr-2020,0,1.800,0,16.9,0,9.3, , 
06-apr-2020,0,0.000,0,13.6,0,8.3, , 
07-apr-2020,0,0.000,0,15.2,0,4.5, , 
08-apr-2020,0,0.000,0,16.5,0,5.3, , 
09-apr-2020,0,0.000,0,14.3,0,6.5, , 
10-apr-2020,0,0.000,0,19.4,0,9.0, , 
11-apr-2020,0,0.200,0,19.7,0,11.5, , 
12-apr-2020,0,1.600,0,10.6,0,9.8, , 
13-apr-2020,0,0.000,0,8.8,0,6.2, , 
14-apr-2020,0,0.000,0,13.5,0,3.5, , 
15-apr-2020,0,0.000,0,13.9,0,3.7, , 
16-apr-2020,0,0.000,0,13.9,0,4.6, , 
17-apr-2020,0,1.700,0,14.0,0,9.1, , 
18-apr-2020,0,2.100,0,9.7,0,7.2, , 
19-apr-2020,0,0.000,0,12.7,0,7.4, , 
20-apr-2020,0,0.000,0,13.1,0,5.3, , 
21-apr-2020,0,0.000,0,14.7,0,9.0, , 
22-apr-2020,0,0.000,0,14.5,0,9.2, , 
23-apr-2020,0,0.000,0,13.0,0,9.3, , 
24-apr-2020,0,0.000,0,14.6,0,7.9, , 
25-apr-2020,0,0.000,0,16.2,0,8.2, , 
26-apr-2020,0,0.000,0,11.0,0,10.0, , 
27-apr-2020,0,0.000,0,11.7,0,6.7, , 
28-apr-2020,0,0.000,0,11.8,0,6.1, , 
29-apr-2020,0,5.200,0,14.4,0,7.0, , 
30-apr-2020,0,0.100,0,12.1,0,6.8, , 
01-may-2020,0,1.400,0,14.2,0,5.9, , 
02-may-2020,0,0.000,0,14.7,0,5.8, , 
03-may-2020,0,0.000,0,14.2,0,6.4, , 
04-may-2020,0,0.000,0,13.5,0,7.8, , 
05-may-2020,0,0.000,0,13.0,0,8.7, , 
06-may-2020,0,3.200,0,13.0,0,8.3, , 
07-may-2020,0,0.000,0,18.1,0,10.7, , 
08-may-2020,0,0.000,0,16.6,0,12.2, , 
09-may-2020,0,0.000,0,17.2,0,9.4, , 
10-may-2020,0,0.000,0,11.1,0,10.5, , 
11-may-2020,0,0.000,0,9.8,0,5.9, , 
12-may-2020,0,0.000,0,14.3,0,4.5, , 
13-may-2020,0,0.000,0,10.2,0,6.7, , 
14-may-2020,0,0.000,0,12.5,0,4.3, , 
15-may-2020,0,0.000,0,14.0,0,6.9, , 
16-may-2020,0,0.000,0,17.0,0,9.3, , 
17-may-2020,0,0.000,0,17.7,0,11.4, , 
18-may-2020,0,0.200,0,18.2,0,12.4, , 
19-may-2020,0,0.000,0,21.1,0,12.7, , 
20-may-2020,0,0.100,0,23.7,0,11.9, , 
21-may-2020,0,2.600,0,17.8,0,11.9, , 
22-may-2020,0,0.600,0,17.4,0,11.8, , 
23-may-2020,0,0.500,0,15.7,0,10.2, , 
24-may-2020,0,0.000,0,20.8,0,11.7, , 
25-may-2020,0,0.000,0,20.1,0,9.6, , 
26-may-2020,0,0.000,0,19.0,0,14.4, , 
27-may-2020,0,0.000,0,17.8,0,12.0, , 
28-may-2020,0,0.000,0,21.8,0,12.5, , 
29-may-2020,0,0.000,0,21.6,0,13.8, , 
30-may-2020,0,0.000,0,19.9,0,11.7, , 
31-may-2020,0,0.000,0,19.0,0,12.0, , 
01-jun-2020,0,0.000,0,19.8,0,13.0, , 
02-jun-2020,0,0.300,0,25.5,0,12.8, , 
03-jun-2020,0,0.000,0,16.7,0,12.6, , 
04-jun-2020,0,0.800,0,17.8,0,9.2, , 
05-jun-2020,0,1.400,0,15.3,0,9.8, , 
06-jun-2020,0,0.900,0,12.7,0,6.6, , 
07-jun-2020,0,0.000,0,17.4,0,10.0, , 
08-jun-2020,0,0.000,0,16.2,0,8.1, , 
09-jun-2020,0,0.500,0,14.5,0,10.1, , 
10-jun-2020,0,5.700,0,14.8,0,12.1, , 
11-jun-2020,0,5.100,0,14.0,0,9.9, , 
12-jun-2020,1,5.400,0,15.0,0,11.6, , 
13-jun-2020,1,0.100,0,17.1,0,12.2, , 
14-jun-2020,1,0.100,0,18.5,0,12.7, , 
15-jun-2020,1,0.200,0,21.8,0,12.0, , 
16-jun-2020,1,20.700,0,19.8,0,13.8, , 
17-jun-2020,0,0.000,0,16.6,0,13.4, , 
18-jun-2020,0,15.000,0,16.7,0,13.9, , 
19-jun-2020,0,0.400,0,16.6,0,11.7, , 
20-jun-2020,0,1.900,0,19.7,0,11.7, , 
21-jun-2020,0,0.600,0,19.2,0,13.3, , 
22-jun-2020,0,0.200,0,20.7,0,12.7, , 
23-jun-2020,0,0.100,0,19.9,0,15.8, , 
24-jun-2020,0,0.000,0,20.4,0,14.1, , 
25-jun-2020,0,2.000,0,23.1,0,14.9, , 
26-jun-2020,0,1.200,0,23.8,0,15.3, , 
27-jun-2020,0,3.800,0,17.6,0,13.6, , 
28-jun-2020,0,0.800,0,16.7,0,11.7, , 
29-jun-2020,0,0.000,0,15.1,0,11.6, , 
30-jun-2020,0,0.000,0,17.0,0,11.9, , 
01-jul-2020,0,12.800,0,17.3,0,13.2, , 
02-jul-2020,0,1.300,0,18.7,0,12.1, , 
03-jul-2020,0,2.000,0,20.0,0,13.1, , 
04-jul-2020,0,0.800,0,20.4,0,15.7, , 
05-jul-2020,0,0.600,0,17.5,0,12.0, , 
06-jul-2020,0,0.500,0,18.5,0,11.5, , 
07-jul-2020,0,15.500,0,15.7,0,11.9, , 
08-jul-2020,0,13.200,0,14.0,0,11.8, , 
09-jul-2020,0,0.000,0,17.3,0,11.9, , 
10-jul-2020,0,0.000,0,18.1,0,9.7, , 
11-jul-2020,0,0.000,0,17.8,0,10.2, , 
12-jul-2020,0,0.400,0,19.8,0,11.6, , 
13-jul-2020,0,0.000,0,19.8,0,15.5, , 
14-jul-2020,0,3.100,0,15.7,0,12.1, , 
15-jul-2020,0,0.000,0,20.7,0,12.8, , 
16-jul-2020,0,0.000,0,23.7,0,13.1, , 
17-jul-2020,0,4.700,0,21.5,0,16.0, , 
18-jul-2020,0,0.500,0,19.6,0,13.0, , 
19-jul-2020,0,0.000,0,19.5,0,10.4, , 
20-jul-2020,0,0.000,0,18.5,0,10.1, , 
21-jul-2020,0,2.000,0,17.9,0,13.5, , 
22-jul-2020,0,1.000,0,22.1,0,14.4, , 
23-jul-2020,0,0.600,0,20.4,0,15.4, , 
24-jul-2020,0,3.600,0,20.2,0,14.4, , 
25-jul-2020,0,5.900,0,17.9,0,15.3, , 
26-jul-2020,0,8.800,0,20.0,0,13.6, , 
27-jul-2020,0,1.900,0,19.3,0,14.5, , 
28-jul-2020,0,0.000,0,18.2,0,11.8, , 
29-jul-2020,0,7.400,0,17.5,0,12.9, , 
30-jul-2020,0,0.000,0,21.9,0,14.0, , 
31-jul-2020,0,1.400,0,23.8,0,17.3, , 
01-aug-2020,0,0.100,0,19.0,0,14.2, , 
02-aug-2020,0,0.900,0,19.3,0,12.4, , 
03-aug-2020,0,1.500,0,18.6,0,12.0, , 
04-aug-2020,0,0.100,0,24.5,0,13.4, , 
05-aug-2020,0,0.000,0,23.6,0,17.1, , 
06-aug-2020,0,0.000,0,21.8,0,13.3, , 
07-aug-2020,0,0.000,0,24.9,0,14.7, , 
08-aug-2020,0,0.000,0,19.7,0,13.3, , 
09-aug-2020,0,0.000,0,17.8,0,14.4, , 
10-aug-2020,0,1.600,0,17.6,0,14.4, , 
11-aug-2020,0,0.000,0,19.6,0,14.7, , 
12-aug-2020,0,0.000,0,22.5,0,16.4, , 
13-aug-2020,0,0.000,0,21.8,0,17.5, , 
14-aug-2020,0,0.000,0,20.7,0,16.4, , 
15-aug-2020,0,1.000,0,19.6,0,15.6, , 
16-aug-2020,0,7.900,0,16.6,0,16.3, , 
17-aug-2020,0,17.400,0,16.5,0,15.5, , 
18-aug-2020,0,0.900,0,21.5,0,15.4, , 
19-aug-2020,0,15.000,0,18.3,0,13.4, , 
20-aug-2020,0,8.000,0,21.3,0,15.5, , 
21-aug-2020,0,0.100,0,20.5,0,14.9, , 
22-aug-2020,0,0.500,0,18.7,0,14.8, , 
23-aug-2020,0,0.000,0,18.7,0,15.1, , 
24-aug-2020,0,17.000,0,17.6,0,11.2, , 
25-aug-2020,0,5.500,0,18.5,0,13.5, , 
26-aug-2020,0,0.100,0,20.5,0,12.8, , 
27-aug-2020,0,10.300,0,15.5,0,13.9, , 
28-aug-2020,0,5.000,0,15.7,0,11.9, , 
29-aug-2020,0,0.000,0,14.6,0,10.2, , 
30-aug-2020,0,0.000,0,15.6,0,8.1, , 
31-aug-2020,0,0.000,0,18.2,0,9.1, , 
01-sep-2020,0,25.400,0,21.0,0,13.6, , 
02-sep-2020,0,2.100,0,23.1,0,14.0, , 
03-sep-2020,0,0.300,0,19.5,0,14.0, , 
04-sep-2020,0,1.900,0,17.9,0,12.7, , 
05-sep-2020,0,1.700,0,17.0,0,11.1, , 
06-sep-2020,0,1.700,0,19.3,0,12.4, , 
07-sep-2020,0,0.200,0,19.2,0,13.6, , 
08-sep-2020,0,1.200,0,23.6,0,15.0, , 
09-sep-2020,0,0.000,0,18.0,0,12.4, , 
10-sep-2020,0,0.000,0,16.1,0,12.8, , 
11-sep-2020,0,0.000,0,17.0,0,13.4, , 
12-sep-2020,0,0.000,0,18.2,0,11.9, , 
13-sep-2020,0,0.000,0,23.1,0,13.2, , 
14-sep-2020,0,3.500,0,24.0,0,14.4, , 
15-sep-2020,0,0.000,0,24.1,0,15.8, , 
16-sep-2020,0,0.000,0,19.6,0,14.9, , 
17-sep-2020,0,0.000,0,18.3,0,15.1, , 
18-sep-2020,0,0.000,0,15.3,0,11.4, , 
19-sep-2020,0,0.000,0,14.9,0,13.6, , 
20-sep-2020,0,0.000,0,14.9,0,13.4, , 
21-sep-2020,0,0.000,0,20.2,0,8.3, , 
22-sep-2020,0,3.000,0,18.7,0,11.6, , 
23-sep-2020,0,8.900,0,14.8,0,10.0, , 
24-sep-2020,0,4.100,0,12.0,0,7.5, , 
25-sep-2020,0,0.600,0,13.3,0,5.7, , 
26-sep-2020,0,0.100,0,14.6,0,4.7, , 
27-sep-2020,0,0.000,0,15.6,0,4.6, , 
28-sep-2020,0,1.900,0,18.1,0,6.1, , 
29-sep-2020,0,4.300,0,16.8,0,7.0, , 
30-sep-2020,0,3.900,0,15.0,0,9.4, , 
01-oct-2020,0,19.600,0,13.2,0,6.1, , 
02-oct-2020,0,0.000,0,14.0,0,7.7, , 
03-oct-2020,0,1.900,0,12.5,0,7.0, , 
04-oct-2020,0,15.600,0,12.5,0,8.3, , 
05-oct-2020,0,2.700,0,13.9,0,9.9, , 
06-oct-2020,0,0.800,0,15.2,0,11.3, , 
07-oct-2020,0,12.200,0,14.6,0,9.0, , 
08-oct-2020,0,0.000,0,14.0,0,9.7, , 
09-oct-2020,0,1.100,0,12.3,0,8.8, , 
10-oct-2020,0,0.100,0,14.2,0,7.0, , 
11-oct-2020,0,1.000,0,13.9,0,7.7, , 
12-oct-2020,0,0.500,0,14.5,0,8.6, , 
13-oct-2020,0,1.200,0,12.8,0,7.8, , 
14-oct-2020,0,5.100,0,14.2,0,9.2, , 
15-oct-2020,0,0.100,0,13.1,0,9.9, , 
16-oct-2020,0,0.000,0,12.5,0,8.5, , 
17-oct-2020,0,0.100,0,12.8,0,9.8, , 
18-oct-2020,0,0.000,0,13.7,0,4.7, , 
19-oct-2020,0,2.900,0,14.4,0,5.7, , 
20-oct-2020,0,2.100,0,16.4,0,12.0, , 
21-oct-2020,0,0.000,0,14.4,0,11.3, , 
22-oct-2020,0,1.000,0,11.3,0,8.0, , 
23-oct-2020,0,3.200,0,14.2,0,8.3, , 
24-oct-2020,0,0.000,0,12.3,0,9.2, , 
25-oct-2020,0,0.600,0,12.8,0,8.3, , 
26-oct-2020,0,0.400,0,12.9,0,8.4, , 
27-oct-2020,0,0.300,0,13.2,0,8.0, , 
28-oct-2020,0,4.500,0,13.6,0,8.1, , 
29-oct-2020,0,3.800,0,16.3,0,7.7, , 
30-oct-2020,0,3.600,0,15.8,0,10.5, , 
31-oct-2020,0,1.000,0,16.2,0,8.4, , 
01-nov-2020,0,5.000,0,17.1,4, , , 
02-nov-2020,0,1.400,0,11.6,4, , , 
03-nov-2020,0,0.100,0,10.8,4, , , 
04-nov-2020,0,0.000,0,10.8,4, , , 
05-nov-2020,0,0.600,0,10.3,4, , , 
06-nov-2020,0,0.000,0,11.8,4, , , 
07-nov-2020,0,3.200,0,12.4,4, , , 
08-nov-2020,0,0.900,0,14.5,4, , , 
09-nov-2020,0,0.300,0,14.9,4, , , 
10-nov-2020,0,0.200,0,14.2,4, , , 
11-nov-2020,0,3.900,0,14.6,4, , , 
12-nov-2020,0,1.900,0,13.2,4, , , 
13-nov-2020,0,0.300,0,11.2,4, , , 
14-nov-2020,0,5.600,0,14.0,4, , , 
15-nov-2020,0,1.500,0,11.4,4, , , 
16-nov-2020,0,0.800,0,14.8,4, , , 
17-nov-2020,0,1.800,0,16.7,4, , , 
18-nov-2020,0,0.000,0,10.5,4, , , 
19-nov-2020,0,1.800,0,11.7,4, , , 
20-nov-2020,0,1.800,0,13.3,4, , , 
21-nov-2020,0,0.000,0,12.0,4, , , 
22-nov-2020,0,0.000,0,10.3,4, , , 
23-nov-2020,0,0.200,0,13.1,4, , , 
24-nov-2020,0,3.200,0,14.7,4, , , 
25-nov-2020,0,0.000,0,8.5,4, , , 
26-nov-2020,0,0.000,0,8.7,4, , , 
27-nov-2020,0,0.100,0,9.1,4, , , 
28-nov-2020,0,0.100,0,11.1,4, , , 
29-nov-2020,0,0.000,0,11.4,4, , , 
30-nov-2020,0,0.300,0,11.1,4, , , 
01-jan-2021,0,0.300, , , , , , 
02-jan-2021,0,0.000, , , , , , 
03-jan-2021,0,3.700, , , , , , 
04-jan-2021,0,1.800, , , , , , 
05-jan-2021,0,2.200, , , , , , 
06-jan-2021,0,0.300, , , , , , 
07-jan-2021,0,0.000, , , , , , 
08-jan-2021,0,0.100, , , , , , 
09-jan-2021,0,0.200, , , , , , 
10-jan-2021,0,0.000, , , , , , 
11-jan-2021,0,11.400, , , , , , 
12-jan-2021,0,12.000, , , , , , 
13-jan-2021,0,0.500, , , , , , 
14-jan-2021,0,0.000, , , , , , 
15-jan-2021,0,2.100, , , , , , 
16-jan-2021,0,0.000, , , , , , 
17-jan-2021,0,0.000, , , , , , 
18-jan-2021,0,10.900, , , , , , 
19-jan-2021,0,6.100, , , , , , 
20-jan-2021,0,5.200, , , , , , 
21-jan-2021,0,0.000, , , , , , 
22-jan-2021,0,0.000, , , , , , 
23-jan-2021,4,0.000, , , , , , 
24-jan-2021,0,0.600, , , , , , 
25-jan-2021,0,0.200, , , , , , 
26-jan-2021,0,0.300, , , , , , 
27-jan-2021,0,6.700, , , , , , 
28-jan-2021,0,1.400, , , , , , 
29-jan-2021,0,13.000, , , , , , 
30-jan-2021,0,6.000, , , , , , 
31-jan-2021,0,3.200, , , , , , 
01-feb-2021,0,16.500, , , , , , 
02-feb-2021,0,1.800, , , , , , 
03-feb-2021,0,0.700, , , , , , 
04-feb-2021,0,0.000, , , , , , 
05-feb-2021,0,2.800, , , , , , 
06-feb-2021,0,2.700, , , , , , 
07-feb-2021,0,0.100, , , , , , 
08-feb-2021,0,0.500, , , , , , 
09-feb-2021,0,1.100, , , , , , 
10-feb-2021,0,0.000, , , , , , 
11-feb-2021,0,0.000, , , , , , 
12-feb-2021,0,0.900, , , , , , 
13-feb-2021,0,2.400, , , , , , 
14-feb-2021,0,2.500, , , , , , 
15-feb-2021,0,1.200, , , , , , 
16-feb-2021,0,0.600, , , , , , 
17-feb-2021,1,5.900, , , , , , 
18-feb-2021,1,1.800, , , , , , 
19-feb-2021,1,2.800, , , , , , 
20-feb-2021,1,2.600, , , , , , 
21-feb-2021,1,0.000, , , , , , 
22-feb-2021,1,2.000, , , , , , 
23-feb-2021,1,8.600, , , , , , 
24-feb-2021,0,0.200, , , , , , 
25-feb-2021,0,0.000, , , , , , 
26-feb-2021,0,0.000, , , , , , 
27-feb-2021,0,0.000, , , , , , 
28-feb-2021,0,0.000, , , , , , 
01-mar-2021,0,0.000, , , , , , 
02-mar-2021,0,0.000, , , , , , 
03-mar-2021,0,0.000, , , , , , 
04-mar-2021,0,0.000, , , , , , 
05-mar-2021,0,0.000, , , , , , 
06-mar-2021,0,0.000, , , , , , 
07-mar-2021,0,0.000, , , , , , 
08-mar-2021,0,0.000, , , , , , 
09-mar-2021,0,1.100, , , , , , 
10-mar-2021,0,7.800, , , , , , 
11-mar-2021,0,9.900, , , , , , 
12-mar-2021,0,2.400, , , , , , 
13-mar-2021,0,5.000, , , , , , 
14-mar-2021,0,4.100, , , , , , 
15-mar-2021,0,0.300, , , , , , 
16-mar-2021,0,0.000, , , , , , 
17-mar-2021,0,0.100, , , , , , 
18-mar-2021,0,0.000, , , , , , 
19-mar-2021,0,0.000, , , , , , 
20-mar-2021,0,0.000, , , , , , 
21-mar-2021,0,0.000, , , , , , 
22-mar-2021,0,0.000, , , , , , 
23-mar-2021,0,0.800, , , , , , 
24-mar-2021,0,0.000, , , , , , 
25-mar-2021,0,1.600, , , , , , 
26-mar-2021,0,1.600, , , , , , 
27-mar-2021,0,0.300, , , , , , 
28-mar-2021,0,0.600, , , , , , 
29-mar-2021,0,0.000, , , , , , 
30-mar-2021,0,0.000, , , , , , 
31-mar-2021,0,0.000, , , , , , 
01-apr-2021,0,0.000, , , , , , 
02-apr-2021,0,0.000, , , , , , 
03-apr-2021,0,0.000, , , , , , 
04-apr-2021,0,0.100, , , , , , 
05-apr-2021,0,0.000, , , , , , 
06-apr-2021,0,0.300, , , , , , 
07-apr-2021,0,0.400, , , , , , 
08-apr-2021,0,2.000, , , , , , 
09-apr-2021,0,1.100, , , , , , 
10-apr-2021,0,0.000, , , , , , 
11-apr-2021,0,1.500, , , , , , 
12-apr-2021,0,0.900, , , , , , 
13-apr-2021,0,0.000, , , , , , 
14-apr-2021,0,0.000, , , , , , 
15-apr-2021,0,0.000, , , , , , 
16-apr-2021,0,0.000, , , , , , 
17-apr-2021,0,0.300, , , , , , 
18-apr-2021,0,0.100, , , , , , 
19-apr-2021,0,1.500, , , , , , 
20-apr-2021,0,0.000, , , , , , 
21-apr-2021,0,0.000, , , , , , 
22-apr-2021,0,0.000, , , , , , 
23-apr-2021,0,0.000, , , , , , 
24-apr-2021,0,0.000, , , , , , 
25-apr-2021,0,0.000, , , , , , 
26-apr-2021,0,0.000, , , , , , 
27-apr-2021,0,0.100, , , , , , 
28-apr-2021,0,0.000, , , , , , 
29-apr-2021,0,1.600, , , , , , 
30-apr-2021,0,2.000, , , , , , 
01-may-2021,0,0.000, , , , , , 
02-may-2021,0,1.100, , , , , , 
03-may-2021,0,8.300, , , , , , 
04-may-2021,0,0.800, , , , , , 
05-may-2021,0,1.600, , , , , , 
06-may-2021,0,0.000, , , , , , 
07-may-2021,0,18.600, , , , , , 
08-may-2021,0,0.800, , , , , , 
09-may-2021,0,0.100, , , , , , 
10-may-2021,0,2.100, , , , , , 
11-may-2021,0,0.000, , , , , , 
12-may-2021,0,1.300, , , , , , 
13-may-2021,0,0.000, , , , , , 
14-may-2021,0,0.900, , , , , , 
15-may-2021,0,5.000, , , , , , 
16-may-2021,0,0.000, , , , , , 
17-may-2021,0,2.800, , , , , , 
18-may-2021,0,5.600, , , , , , 
19-may-2021,0,9.200, , , , , , 
20-may-2021,0,9.500, , , , , , 
21-may-2021,0,3.600, , , , , , 
22-may-2021,0,0.000, , , , , , 
23-may-2021,0,2.900, , , , , , 
24-may-2021,0,0.000, , , , , , 
25-may-2021,0,4.100, , , , , , 
26-may-2021,0,0.000, , , , , , 
27-may-2021,0,9.100, , , , , , 
28-may-2021,0,1.600, , , , , , 
29-may-2021,0,0.000, , , , , , 
30-may-2021,0,0.000, , , , , , 
31-may-2021,0,0.000, , , , , , 
01-jun-2021,0,0.000, , , , , , 
02-jun-2021,0,0.000, , , , , , 
03-jun-2021,0,0.000, , , , , , 
04-jun-2021,0,0.000, , , , , , 
05-jun-2021,0,0.000, , , , , , 
06-jun-2021,0,0.000, , , , , , 
07-jun-2021,0,0.000, , , , , , 
08-jun-2021,0,0.000, , , , , , 
09-jun-2021,0,1.300, , , , , , 
10-jun-2021,0,0.000, , , , , , 
11-jun-2021,0,0.000, , , , , , 
12-jun-2021,0,0.000, , , , , , 
13-jun-2021,0,0.100, , , , , , 
14-jun-2021,0,0.000, , , , , , 
15-jun-2021,0,0.300, , , , , , 
16-jun-2021,0,0.000, , , , , , 
17-jun-2021,0,0.000, , , , , , 
18-jun-2021,0,0.000, , , , , , 
19-jun-2021,0,0.000, , , , , , 
20-jun-2021,0,0.000, , , , , , 
21-jun-2021,0,0.000, , , , , , 
22-jun-2021,0,6.000, , , , , , 
23-jun-2021,0,0.800, , , , , , 
24-jun-2021,0,2.500, , , , , , 
25-jun-2021,0,0.100, , , , , , 
26-jun-2021,0,0.000, , , , , , 
27-jun-2021,0,0.000, , , , , , 
28-jun-2021,0,0.000, , , , , , 
29-jun-2021,0,0.000, , , , , , 
30-jun-2021,0,0.000, , , , , , 
01-jul-2021,0,0.000, , , , , , 
02-jul-2021,0,0.300, , , , , , 
03-jul-2021,0,1.400, , , , , , 
04-jul-2021,0,13.900, , , , , , 
05-jul-2021,0,0.000, , , , , , 
06-jul-2021,0,30.300, , , , , , 
07-jul-2021,0,0.000, , , , , , 
08-jul-2021,0,0.000, , , , , , 
09-jul-2021,0,0.100, , , , , , 
10-jul-2021,0,0.100, , , , , , 
11-jul-2021,0,9.100, , , , , , 
12-jul-2021,0,0.100, , , , , , 
13-jul-2021,0,0.000, , , , , , 
14-jul-2021,0,0.000, , , , , , 
15-jul-2021,0,0.000, , , , , , 
16-jul-2021,0,0.000, , , , , , 
17-jul-2021,0,0.000, , , , , , 
18-jul-2021,0,0.000, , , , , , 
19-jul-2021,0,0.000, , , , , , 
20-jul-2021,0,0.000, , , , , , 
21-jul-2021,0,0.000, , , , , , 
22-jul-2021,0,0.000, , , , , , 
23-jul-2021,0,0.000, , , , , , 
24-jul-2021,0,0.000, , , , , , 
25-jul-2021,0,0.000, , , , , , 
26-jul-2021,0,0.000, , , , , , 
27-jul-2021,0,1.600, , , , , , 
28-jul-2021,0,5.600, , , , , , 
29-jul-2021,0,14.500, , , , , , 
30-jul-2021,0,14.000, , , , , , 
31-jul-2021,0,2.800, , , , , , 
01-aug-2021,0,0.000, , , , , , 
02-aug-2021,0,0.000, , , , , , 
03-aug-2021,0,0.200, , , , , , 
04-aug-2021,0,0.300, , , , , , 
05-aug-2021,0,6.200, , , , , , 
06-aug-2021,0,2.400, , , , , , 
07-aug-2021,0,5.000, , , , , , 
08-aug-2021,0,0.000, , , , , , 
09-aug-2021,0,0.200, , , , , , 
10-aug-2021,0,0.000, , , , , , 
11-aug-2021,0,1.700, , , , , , 
12-aug-2021,0,1.400, , , , , , 
13-aug-2021,0,0.200, , , , , , 
14-aug-2021,0,0.200, , , , , , 
15-aug-2021,0,0.200, , , , , , 
16-aug-2021,0,0.000, , , , , , 
17-aug-2021,0,0.000, , , , , , 
18-aug-2021,0,0.200, , , , , , 
19-aug-2021,0,0.700, , , , , , 
20-aug-2021,0,2.200, , , , , , 
21-aug-2021,0,16.100, , , , , , 
22-aug-2021,0,0.000, , , , , , 
23-aug-2021,0,0.000, , , , , , 
24-aug-2021,0,0.000, , , , , , 
25-aug-2021,0,0.000, , , , , , 
26-aug-2021,0,0.000, , , , , , 
27-aug-2021,0,0.000, , , , , , 
28-aug-2021,0,0.000, , , , , , 
29-aug-2021,0,0.000, , , , , , 
30-aug-2021,0,0.000, , , , , , 
31-aug-2021,0,0.000, , , , , , 
01-sep-2021,0,0.000, , , , , , 
02-sep-2021,0,0.000, , , , , , 
03-sep-2021,0,0.000, , , , , , 
04-sep-2021,0,1.200, , , , , , 
05-sep-2021,0,0.000, , , , , , 
06-sep-2021,0,0.000, , , , , , 
07-sep-2021,4,0.000, , , , , , 
08-sep-2021,0,5.400, , , , , , 
09-sep-2021,0,0.000, , , , , , 
10-sep-2021,0,0.000, , , , , , 
11-sep-2021,4,0.000, , , , , , 
12-sep-2021,0,0.000, , , , , , 
13-sep-2021,4,0.000, , , , , , 
14-sep-2021,0,0.000, , , , , , 
15-sep-2021,0,0.000, , , , , , 
16-sep-2021,0,0.300, , , , , , 
17-sep-2021,0,1.700, , , , , , 
18-sep-2021,0,0.100, , , , , , 
19-sep-2021,4,0.000, , , , , , 
20-sep-2021,0,0.000, , , , , , 
21-sep-2021,0,0.000, , , , , , 
22-sep-2021,0,0.100, , , , , , 
23-sep-2021,0,0.000, , , , , , 
24-sep-2021,0,0.000, , , , , , 
25-sep-2021,4,0.000, , , , , , 
26-sep-2021,0,16.800, , , , , , 
27-sep-2021,0,1.600, , , , , , 
28-sep-2021,0,0.000, , , , , , 
29-sep-2021,0,3.000, , , , , , 
30-sep-2021,0,3.000, , , , , , 
01-oct-2021,0,1.100, , , , , , 
02-oct-2021,0,0.700, , , , , , 
03-oct-2021,0,1.200, , , , , , 
04-oct-2021,0,4.900, , , , , , 
05-oct-2021,0,0.100, , , , , , 
06-oct-2021,0,0.500, , , , , , 
07-oct-2021,0,6.100, , , , , , 
08-oct-2021,0,4.100, , , , , , 
09-oct-2021,4,0.000, , , , , , 
10-oct-2021,0,0.000, , , , , , 
11-oct-2021,0,0.000, , , , , , 
12-oct-2021,0,0.000, , , , , , 
13-oct-2021,0,0.000, , , , , , 
14-oct-2021,0,0.200, , , , , , 
15-oct-2021,0,0.100, , , , , , 
16-oct-2021,0,3.700, , , , , , 
17-oct-2021,0,0.500, , , , , , 
18-oct-2021,0,2.300, , , , , , 
19-oct-2021,0,0.300, , , , , , 
20-oct-2021,0,6.300, , , , , , 
21-oct-2021,0,0.000, , , , , , 
22-oct-2021,0,0.100, , , , , , 
23-oct-2021,0,1.700, , , , , , 
24-oct-2021,0,0.000, , , , , , 
25-oct-2021,0,0.100, , , , , , 
26-oct-2021,0,1.100, , , , , , 
27-oct-2021,0,17.300, , , , , , 
28-oct-2021,0,12.900, , , , , , 
29-oct-2021,0,2.500, , , , , , 
30-oct-2021,1,7.700, , , , , , 
31-oct-2021,1,3.700, , , , , , 
01-nov-2021,0,3.700, , , , , , 
02-nov-2021,0,3.300, , , , , , 
03-nov-2021,4,0.000, , , , , , 
04-nov-2021,0,0.000, , , , , , 
05-nov-2021,4,0.000, , , , , , 
06-nov-2021,0,0.200, , , , , , 
07-nov-2021,0,0.900, , , , , , 
08-nov-2021,0,1.200, , , , , , 
09-nov-2021,0,0.000, , , , , , 
10-nov-2021,0,0.000, , , , , , 
11-nov-2021,0,0.000, , , , , , 
12-nov-2021,0,0.200, , , , , , 
13-nov-2021,0,0.000, , , , , , 
14-nov-2021,0,1.000, , , , , , 
15-nov-2021,0,0.000, , , , , , 
16-nov-2021,0,0.000, , , , , , 
17-nov-2021,0,0.000, , , , , , 
18-nov-2021,0,0.000, , , , , , 
19-nov-2021,0,0.000, , , , , , 
20-nov-2021,0,0.700, , , , , , 
21-nov-2021,0,0.000, , , , , , 
22-nov-2021,0,0.500, , , , , , 
23-nov-2021,0,0.000, , , , , , 
24-nov-2021,0,0.000, , , , , , 
25-nov-2021,0,0.000, , , , , , 
26-nov-2021,0,0.200, , , , , , 
27-nov-2021,0,0.000, , , , , , 
28-nov-2021,0,0.000, , , , , , 
29-nov-2021,0,0.000, , , , , , 
30-nov-2021,0,3.200, , , , , , 
01-dec-2021,0,0.000, , , , , , 
02-dec-2021,0,8.500, , , , , , 
03-dec-2021,0,0.800, , , , , , 
04-dec-2021,0,1.900, , , , , , 
05-dec-2021,0,1.300, , , , , , 
06-dec-2021,0,16.200, , , , , , 
07-dec-2021,0,11.900, , , , , , 
08-dec-2021,0,0.800, , , , , , 
09-dec-2021,4,0.000, , , , , , 
10-dec-2021,0,0.000, , , , , , 
11-dec-2021,0,1.200, , , , , , 
12-dec-2021,0,0.000, , , , , , 
13-dec-2021,0,0.200, , , , , , 
14-dec-2021,0,0.000, , , , , , 
15-dec-2021,0,0.000, , , , , , 
16-dec-2021,0,0.000, , , , , , 
17-dec-2021,0,0.000, , , , , , 
18-dec-2021,0,0.000, , , , , , 
19-dec-2021,0,0.000, , , , , , 
20-dec-2021,0,0.000, , , , , , 
21-dec-2021,0,0.000, , , , , , 
22-dec-2021,0,3.000, , , , , , 
23-dec-2021,0,0.000, , , , , , 
24-dec-2021,0,2.400, , , , , , 
25-dec-2021,0,27.100, , , , , , 
26-dec-2021,0,0.300, , , , , , 
27-dec-2021,0,9.100, , , , , , 
28-dec-2021,0,3.100, , , , , , 
29-dec-2021,0,0.400, , , , , , 
30-dec-2021,0,7.700, , , , , , 
31-dec-2021,0,0.200, , , , , , 
01-jan-2022,0,0.000, , , , , , 
02-jan-2022,0,0.200, , , , , , 
03-jan-2022,0,1.100, , , , , , 
04-jan-2022,0,0.000, , , , , , 
05-jan-2022,0,0.500, , , , , , 
06-jan-2022,0,5.000, , , , , , 
07-jan-2022,0,4.000, , , , , , 
08-jan-2022,0,1.200, , , , , , 
09-jan-2022,0,0.300, , , , , , 
10-jan-2022,0,0.100, , , , , , 
11-jan-2022,0,0.000, , , , , , 
12-jan-2022,0,0.000, , , , , , 
13-jan-2022,0,0.000, , , , , , 
14-jan-2022,0,0.000, , , , , , 
15-jan-2022,0,0.000, , , , , , 
16-jan-2022,0,0.000, , , , , , 
17-jan-2022,0,0.000, , , , , , 
18-jan-2022,0,0.000, , , , , , 
19-jan-2022,0,0.100, , , , , , 
20-jan-2022,0,0.000, , , , , , 
21-jan-2022,0,0.000, , , , , , 
22-jan-2022,0,0.000, , , , , , 
23-jan-2022,0,0.000, , , , , , 
24-jan-2022,0,0.000, , , , , , 
25-jan-2022,0,0.000, , , , , , 
26-jan-2022,0,0.100, , , , , , 
27-jan-2022,0,0.000, , , , , , 
28-jan-2022,0,0.000, , , , , , 
29-jan-2022,0,0.200, , , , , , 
30-jan-2022,0,1.000, , , , , , 
31-jan-2022,0,0.000, , , , , , 
01-feb-2022,0,0.300, , , , , , 
02-feb-2022,0,0.000, , , , , , 
03-feb-2022,0,5.100, , , , , , 
04-feb-2022,0,0.600, , , , , , 
05-feb-2022,0,9.700, , , , , , 
06-feb-2022,0,0.300, , , , , , 
07-feb-2022,0,0.200, , , , , , 
08-feb-2022,0,5.100, , , , , , 
09-feb-2022,0,0.100, , , , , , 
10-feb-2022,0,0.200, , , , , , 
11-feb-2022,0,0.500, , , , , , 
12-feb-2022,0,8.300, , , , , , 
13-feb-2022,0,2.700, , , , , , 
14-feb-2022,0,0.600, , , , , , 
15-feb-2022,0,2.300, , , , , , 
16-feb-2022,0,4.300, , , , , , 
17-feb-2022,0,8.800, , , , , , 
18-feb-2022,0,2.000, , , , , , 
19-feb-2022,0,11.000, , , , , , 
20-feb-2022,0,11.000, , , , , , 
21-feb-2022,0,0.400, , , , , , 
22-feb-2022,0,3.600, , , , , , 
23-feb-2022,0,2.800, , , , , , 
24-feb-2022,0,1.000, , , , , , 
25-feb-2022,0,0.100, , , , , , 
26-feb-2022,0,0.000, , , , , , 
27-feb-2022,0,0.400, , , , , , 
28-feb-2022,0,0.300, , , , , , 
01-mar-2022,0,0.900, , , , , , 
02-mar-2022,0,2.600, , , , , , 
03-mar-2022,0,0.000, , , , , , 
04-mar-2022,0,0.000, , , , , , 
05-mar-2022,0,0.000, , , , , , 
06-mar-2022,0,0.000, , , , , , 
07-mar-2022,0,0.000, , , , , , 
08-mar-2022,0,1.600, , , , , , 
09-mar-2022,0,20.900, , , , , , 
10-mar-2022,0,0.700, , , , , , 
11-mar-2022,0,7.200, , , , , , 
12-mar-2022,0,27.500, , , , , , 
13-mar-2022,0,0.000, , , , , , 
14-mar-2022,0,1.100, , , , , , 
15-mar-2022,0,0.600, , , , , , 
16-mar-2022,0,0.000, , , , , , 
17-mar-2022,0,0.000, , , , , , 
18-mar-2022,0,0.000, , , , , , 
19-mar-2022,0,0.000, , , , , , 
20-mar-2022,0,0.000, , , , , , 
21-mar-2022,0,0.000, , , , , , 
22-mar-2022,0,0.000, , , , , , 
23-mar-2022,0,0.000, , , , , , 
24-mar-2022,0,0.000, , , , , , 
25-mar-2022,0,0.000, , , , , , 
26-mar-2022,0,0.000, , , , , , 
27-mar-2022,0,0.000, , , , , , 
28-mar-2022,0,0.000, , , , , , 
29-mar-2022,0,0.000, , , , , , 
30-mar-2022,0,0.600, , , , , , 
31-mar-2022,0,0.000, , , , , , 
01-apr-2022,0,2.300, , , , , , 
02-apr-2022,0,0.000, , , , , , 
03-apr-2022,0,0.900, , , , , , 
04-apr-2022,0,0.000, , , , , , 
05-apr-2022,0,1.500, , , , , , 
06-apr-2022,0,4.000, , , , , , 
07-apr-2022,0,0.100, , , , , , 
08-apr-2022,0,0.400, , , , , , 
09-apr-2022,0,0.000, , , , , , 
10-apr-2022,0,0.000, , , , , , 
11-apr-2022,0,2.000, , , , , , 
12-apr-2022,0,7.100, , , , , , 
13-apr-2022,0,0.000, , , , , , 
14-apr-2022,0,0.000, , , , , , 
15-apr-2022,0,0.000, , , , , , 
16-apr-2022,0,0.000, , , , , , 
17-apr-2022,0,1.500, , , , , , 
18-apr-2022,0,6.200, , , , , , 
19-apr-2022,0,0.000, , , , , , 
20-apr-2022,0,0.000, , , , , , 
21-apr-2022,4,0.000, , , , , , 
22-apr-2022,4,0.000, , , , , , 
23-apr-2022,4,0.000, , , , , , 
24-apr-2022,0,0.000, , , , , , 
25-apr-2022,0,0.000, , , , , , 
26-apr-2022,0,0.000, , , , , , 
27-apr-2022,0,0.000, , , , , , 
28-apr-2022,0,0.000, , , , , , 
29-apr-2022,0,0.000, , , , , , 
30-apr-2022,0,8.500, , , , , , 
01-may-2022,0,6.200, , , , , , 
02-may-2022,0,0.100, , , , , , 
03-may-2022,0,0.200, , , , , , 
04-may-2022,0,0.000, , , , , , 
05-may-2022,0,0.000, , , , , , 
06-may-2022,0,7.700, , , , , , 
07-may-2022,0,0.000, , , , , , 
08-may-2022,0,0.000, , , , , , 
09-may-2022,0,1.100, , , , , , 
10-may-2022,0,0.000, , , , , , 
11-may-2022,0,0.400, , , , , , 
12-may-2022,0,0.400, , , , , , 
13-may-2022,0,0.000, , , , , , 
14-may-2022,0,0.000, , , , , , 
15-may-2022,0,5.900, , , , , , 
16-may-2022,0,0.000, , , , , , 
17-may-2022,0,10.200, , , , , , 
18-may-2022,0,1.900, , , , , , 
19-may-2022,0,0.000, , , , , , 
20-may-2022,0,0.500, , , , , , 
21-may-2022,0,0.000, , , , , , 
22-may-2022,0,0.000, , , , , , 
23-may-2022,0,1.100, , , , , , 
24-may-2022,0,0.000, , , , , , 
25-may-2022,0,0.000, , , , , , 
26-may-2022,0,0.200, , , , , , 
27-may-2022,0,0.000, , , , , , 
28-may-2022,0,0.000, , , , , , 
29-may-2022,0,0.000, , , , , , 
30-may-2022,0,4.300, , , , , , 
31-may-2022,0,2.200, , , , , , 
01-jun-2022,0,0.000, , , , , , 
02-jun-2022,0,11.600, , , , , , 
03-jun-2022,0,0.000, , , , , , 
04-jun-2022,0,0.000, , , , , , 
05-jun-2022,0,5.600, , , , , , 
06-jun-2022,0,0.000, , , , , , 
07-jun-2022,0,0.600, , , , , , 
08-jun-2022,0,3.000, , , , , , 
09-jun-2022,0,0.300, , , , , , 
10-jun-2022,0,11.900, , , , , , 
11-jun-2022,0,0.100, , , , , , 
12-jun-2022,0,0.200, , , , , , 
13-jun-2022,0,0.000, , , , , , 
14-jun-2022,0,0.000, , , , , , 
15-jun-2022,0,0.000, , , , , , 
16-jun-2022,0,0.000, , , , , , 
17-jun-2022,0,0.000, , , , , , 
18-jun-2022,0,0.000, , , , , , 
19-jun-2022,0,0.000, , , , , , 
20-jun-2022,0,0.000, , , , , , 
21-jun-2022,0,0.000, , , , , , 
22-jun-2022,0,0.200, , , , , , 
23-jun-2022,0,0.000, , , , , , 
24-jun-2022,0,0.400, , , , , , 
25-jun-2022,0,2.600, , , , , , 
26-jun-2022,0,3.900, , , , , , 
27-jun-2022,0,0.200, , , , , , 
28-jun-2022,0,2.800, , , , , , 
29-jun-2022,0,1.200, , , , , , 
30-jun-2022,0,1.500, , , , , , 
01-jul-2022,0,3.300, , , , , , 
02-jul-2022,0,5.200, , , , , , 
03-jul-2022,0,0.000, , , , , , 
04-jul-2022,0,0.100, , , , , , 
05-jul-2022,0,0.000, , , , , , 
06-jul-2022,0,0.000, , , , , , 
07-jul-2022,0,0.000, , , , , , 
08-jul-2022,0,0.000, , , , , , 
09-jul-2022,0,0.000, , , , , , 
10-jul-2022,0,0.000, , , , , , 
11-jul-2022,0,0.700, , , , , , 
12-jul-2022,0,0.400, , , , , , 
13-jul-2022,0,0.000, , , , , , 
14-jul-2022,0,0.000, , , , , , 
15-jul-2022,0,0.000, , , , , , 
16-jul-2022,0,0.000, , , , , , 
17-jul-2022,0,0.000, , , , , , 
18-jul-2022,0,0.000, , , , , , 
19-jul-2022,0,0.000, , , , , , 
20-jul-2022,0,0.000, , , , , , 
21-jul-2022,0,0.000, , , , , , 
22-jul-2022,0,4.100, , , , , , 
23-jul-2022,0,0.100, , , , , , 
24-jul-2022,0,0.500, , , , , , 
25-jul-2022,0,0.000, , , , , , 
26-jul-2022,0,0.000, , , , , , 
27-jul-2022,0,0.000, , , , , , 
28-jul-2022,0,0.000, , , , , , 
29-jul-2022,0,1.000, , , , , , 
30-jul-2022,0,19.500, , , , , , 
31-jul-2022,0,0.700, , , , , , 
01-aug-2022,0,0.800, , , , , , 
02-aug-2022,0,0.200, , , , , , 
03-aug-2022,0,0.500, , , , , , 
04-aug-2022,0,0.000, , , , , , 
05-aug-2022,0,0.400, , , , , , 
06-aug-2022,0,0.000, , , , , , 
07-aug-2022,0,0.000, , , , , , 
08-aug-2022,0,0.000, , , , , , 
09-aug-2022,0,0.000, , , , , , 
10-aug-2022,0,0.000, , , , , , 
11-aug-2022,0,0.000, , , , , , 
12-aug-2022,0,0.000, , , , , , 
13-aug-2022,0,0.000, , , , , , 
14-aug-2022,0,2.100, , , , , , 
15-aug-2022,0,9.500, , , , , , 
16-aug-2022,0,0.000, , , , , , 
17-aug-2022,0,0.300, , , , , , 
18-aug-2022,0,0.100, , , , , , 
19-aug-2022,0,0.000, , , , , , 
20-aug-2022,0,0.100, , , , , , 
21-aug-2022,0,1.200, , , , , , 
22-aug-2022,0,0.000, , , , , , 
23-aug-2022,0,3.500, , , , , , 
24-aug-2022,0,0.000, , , , , , 
25-aug-2022,0,0.000, , , , , , 
26-aug-2022,0,0.000, , , , , , 
27-aug-2022,0,0.000, , , , , , 
28-aug-2022,0,0.000, , , , , , 
29-aug-2022,0,0.000, , , , , , 
30-aug-2022,0,0.000, , , , , , 
31-aug-2022,0,0.000, , , , , , 
01-sep-2022,0,0.000, , , , , , 
02-sep-2022,0,2.300, , , , , , 
03-sep-2022,0,55.200, , , , , , 
04-sep-2022,0,0.500, , , , , , 
05-sep-2022,0,2.500, , , , , , 
06-sep-2022,0,14.500, , , , , , 
07-sep-2022,0,1.600, , , , , , 
08-sep-2022,0,10.300, , , , , , 
09-sep-2022,0,0.300, , , , , , 
10-sep-2022,0,0.000, , , , , , 
11-sep-2022,0,9.600, , , , , , 
12-sep-2022,0,1.000, , , , , , 
13-sep-2022,0,0.000, , , , , , 
14-sep-2022,0,0.000, , , , , , 
15-sep-2022,0,0.000, , , , , , 
16-sep-2022,0,0.000, , , , , , 
17-sep-2022,0,0.000, , , , , , 
18-sep-2022,0,0.000, , , , , , 
19-sep-2022,0,0.000, , , , , , 
20-sep-2022,0,0.000, , , , , , 
21-sep-2022,0,7.400, , , , , , 
22-sep-2022,0,7.900, , , , , , 
23-sep-2022,0,4.200, , , , , , 
24-sep-2022,0,0.000, , , , , , 
25-sep-2022,0,0.800, , , , , , 
26-sep-2022,0,0.000, , , , , , 
27-sep-2022,0,0.000, , , , , , 
28-sep-2022,0,1.100, , , , , , 
29-sep-2022,0,0.900, , , , , , 
30-sep-2022,0,3.300, , , , , , 
01-oct-2022,0,0.700, , , , , , 
02-oct-2022,0,0.000, , , , , , 
03-oct-2022,0,0.000, , , , , , 
04-oct-2022,0,6.900, , , , , , 
05-oct-2022,0,1.600, , , , , , 
06-oct-2022,0,0.900, , , , , , 
07-oct-2022,0,0.300, , , , , , 
08-oct-2022,0,0.000, , , , , , 
09-oct-2022,0,2.100, , , , , , 
10-oct-2022,0,0.000, , , , , , 
11-oct-2022,0,0.000, , , , , , 
12-oct-2022,0,0.000, , , , , , 
13-oct-2022,0,0.100, , , , , , 
14-oct-2022,0,2.500, , , , , , 
15-oct-2022,0,3.600, , , , , , 
16-oct-2022,0,12.700, , , , , , 
17-oct-2022,0,0.000, , , , , , 
18-oct-2022,0,14.100, , , , , , 
19-oct-2022,0,15.400, , , , , , 
20-oct-2022,0,2.400, , , , , , 
21-oct-2022,0,5.900, , , , , , 
22-oct-2022,0,6.200, , , , , , 
23-oct-2022,0,5.900, , , , , , 
24-oct-2022,0,0.700, , , , , , 
25-oct-2022,0,12.800, , , , , , 
26-oct-2022,0,1.100, , , , , , 
27-oct-2022,0,7.000, , , , , , 
28-oct-2022,0,2.600, , , , , , 
29-oct-2022,0,3.800, , , , , , 
30-oct-2022,0,0.000, , , , , , 
31-oct-2022,0,15.300, , , , , , 
01-nov-2022,0,0.900, , , , , , 
02-nov-2022,0,5.400, , , , , , 
03-nov-2022,0,1.200, , , , , , 
04-nov-2022,0,0.700, , , , , , 
05-nov-2022,0,0.100, , , , , , 
06-nov-2022,0,0.500, , , , , , 
07-nov-2022,0,1.200, , , , , , 
08-nov-2022,0,0.000, , , , , , 
09-nov-2022,0,1.200, , , , , , 
10-nov-2022,0,0.000, , , , , , 
11-nov-2022,0,0.100, , , , , , 
12-nov-2022,0,0.000, , , , , , 
13-nov-2022,0,5.200, , , , , , 
14-nov-2022,0,4.600, , , , , , 
15-nov-2022,0,0.400, , , , , , 
16-nov-2022,0,0.700, , , , , , 
17-nov-2022,0,0.000, , , , , , 
18-nov-2022,0,0.000, , , , , , 
19-nov-2022,0,1.300, , , , , , 
20-nov-2022,0,5.400, , , , , , 
21-nov-2022,0,12.900, , , , , , 
22-nov-2022,0,2.000, , , , , , 
23-nov-2022,0,1.200, , , , , , 
24-nov-2022,0,5.600, , , , , , 
25-nov-2022,0,0.100, , , , , , 
26-nov-2022,0,0.100, , , , , , 
27-nov-2022,0,0.800, , , , , , 
28-nov-2022,0,0.200, , , , , , 
29-nov-2022,0,0.000, , , , , , 
30-nov-2022,0,0.000, , , , , , 
01-dec-2022,0,0.000, , , , , , 
02-dec-2022,0,0.000, , , , , , 
03-dec-2022,0,0.400, , , , , , 
04-dec-2022,0,12.000, , , , , , 
05-dec-2022,0,4.400, , , , , , 
06-dec-2022,0,2.800, , , , , , 
07-dec-2022,0,0.000, , , , , , 
08-dec-2022,0,2.100, , , , , , 
09-dec-2022,0,1.700, , , , , , 
10-dec-2022,0,4.200, , , , , , 
11-dec-2022,0,0.500, , , , , , 
12-dec-2022,0,0.000, , , , , , 
13-dec-2022,0,0.000, , , , , , 
14-dec-2022,0,0.000, , , , , , 
15-dec-2022,0,0.000, , , , , , 
16-dec-2022,0,0.100, , , , , , 
17-dec-2022,0,0.400, , , , , , 
18-dec-2022,0,1.000, , , , , , 
19-dec-2022,0,1.000, , , , , , 
20-dec-2022,0,0.000, , , , , , 
21-dec-2022,0,1.300, , , , , , 
22-dec-2022,0,2.500, , , , , , 
23-dec-2022,0,3.500, , , , , , 
24-dec-2022,1,10.700, , , , , , 
25-dec-2022,1,10.000, , , , , , 
26-dec-2022,1,0.500, , , , , , 
27-dec-2022,1,5.600, , , , , , 
28-dec-2022,1,0.500, , , , , , 
29-dec-2022,0,0.400, , , , , , 
30-dec-2022,0,2.000, , , , , , 
31-dec-2022,0,0.100, , , , , , 
01-jan-2023,0,0.300, , , , , , 
02-jan-2023,0,1.000, , , , , , 
03-jan-2023,0,0.300, , , , , , 
04-jan-2023,0,0.400, , , , , , 
05-jan-2023,0,1.800, , , , , , 
06-jan-2023,0,2.800, , , , , , 
07-jan-2023,0,0.800, , , , , , 
08-jan-2023,0,0.100, , , , , , 
09-jan-2023,0,6.100, , , , , , 
10-jan-2023,0,2.500, , , , , , 
11-jan-2023,0,5.400, , , , , , 
12-jan-2023,0,2.200, , , , , , 
13-jan-2023,0,4.600, , , , , , 
14-jan-2023,0,1.600, , , , , , 
15-jan-2023,0,0.100, , , , , , 
16-jan-2023,0,0.000, , , , , , 
17-jan-2023,0,0.000, , , , , , 
18-jan-2023,0,0.000, , , , , , 
19-jan-2023,0,0.000, , , , , , 
20-jan-2023,0,0.000, , , , , , 
21-jan-2023,0,0.100, , , , , , 
22-jan-2023,0,0.500, , , , , , 
23-jan-2023,0,0.000, , , , , , 
24-jan-2023,0,1.200, , , , , , 
25-jan-2023,0,0.300, , , , , , 
26-jan-2023,0,0.000, , , , , , 
27-jan-2023,0,0.000, , , , , , 
28-jan-2023,0,0.300, , , , , , 
29-jan-2023,0,0.100, , , , , , 
30-jan-2023,0,0.000, , , , , , 
31-jan-2023,0,0.000, , , , , , 
01-feb-2023,0,0.000, , , , , , 
02-feb-2023,0,0.000, , , , , , 
03-feb-2023,0,0.000, , , , , , 
04-feb-2023,0,0.500, , , , , , 
05-feb-2023,0,0.000, , , , , , 
06-feb-2023,0,0.000, , , , , , 
07-feb-2023,0,0.000, , , , , , 
08-feb-2023,0,0.300, , , , , , 
09-feb-2023,0,0.000, , , , , , 
10-feb-2023,0,0.000, , , , , , 
11-feb-2023,0,0.000, , , , , , 
12-feb-2023,0,0.000, , , , , , 
13-feb-2023,0,0.000, , , , , , 
14-feb-2023,0,2.100, , , , , , 
15-feb-2023,0,2.700, , , , , , 
16-feb-2023,0,0.400, , , , , , 
17-feb-2023,0,0.000, , , , , , 
18-feb-2023,0,0.000, , , , , , 
19-feb-2023,0,0.000, , , , , , 
20-feb-2023,0,0.000, , , , , , 
21-feb-2023,0,0.700, , , , , , 
22-feb-2023,0,0.000, , , , , , 
23-feb-2023,0,0.000, , , , , , 
24-feb-2023,0,0.000, , , , , , 
25-feb-2023,0,0.000, , , , , , 
26-feb-2023,0,0.000, , , , , , 
27-feb-2023,0,0.000, , , , , , 
28-feb-2023,0,1.100, , , , , , 
01-mar-2023,0,0.900, , , , , , 
02-mar-2023,0,0.800, , , , , , 
03-mar-2023,0,0.200, , , , , , 
04-mar-2023,0,0.000, , , , , , 
05-mar-2023,0,0.000, , , , , , 
06-mar-2023,0,3.700, , , , , , 
07-mar-2023,0,0.000, , , , , , 
08-mar-2023,0,2.000, , , , , , 
09-mar-2023,0,30.600, , , , , , 
10-mar-2023,0,2.100, , , , , , 
11-mar-2023,0,5.900, , , , , , 
12-mar-2023,0,3.400, , , , , , 
13-mar-2023,0,8.400, , , , , , 
14-mar-2023,0,1.100, , , , , , 
15-mar-2023,0,5.100, , , , , , 
16-mar-2023,0,1.300, , , , , , 
17-mar-2023,0,0.000, , , , , , 
18-mar-2023,0,1.300, , , , , , 
19-mar-2023,0,2.000, , , , , , 
20-mar-2023,0,0.300, , , , , , 
21-mar-2023,0,0.200, , , , , , 
22-mar-2023,0,2.700, , , , , , 
23-mar-2023,0,0.100, , , , , , 
24-mar-2023,0,3.100, , , , , , 
25-mar-2023,0,2.500, , , , , , 
26-mar-2023,0,1.000, , , , , , 
27-mar-2023,0,0.300, , , , , , 
28-mar-2023,0,0.300, , , , , , 
29-mar-2023,0,5.400, , , , , , 
30-mar-2023,0,2.700, , , , , , 
31-mar-2023,0,16.300, , , , , , 
01-apr-2023,0,11.600, , , , , , 
02-apr-2023,0,0.000, , , , , , 
03-apr-2023,0,0.000, , , , , , 
04-apr-2023,0,2.700, , , , , , 
05-apr-2023,0,1.000, , , , , , 
06-apr-2023,0,0.000, , , , , , 
07-apr-2023,0,0.000, , , , , , 
08-apr-2023,0,0.000, , , , , , 
09-apr-2023,0,0.800, , , , , , 
10-apr-2023,0,5.200, , , , , , 
11-apr-2023,0,7.000, , , , , , 
12-apr-2023,0,3.800, , , , , , 
13-apr-2023,0,0.000, , , , , , 
14-apr-2023,0,0.000, , , , , , 
15-apr-2023,0,5.400, , , , , , 
16-apr-2023,0,0.000, , , , , , 
17-apr-2023,0,0.000, , , , , , 
18-apr-2023,0,0.000, , , , , , 
19-apr-2023,0,0.000, , , , , , 
20-apr-2023,0,0.000, , , , , , 
21-apr-2023,0,0.100, , , , , , 
22-apr-2023,0,8.600, , , , , , 
23-apr-2023,0,8.600, , , , , , 
24-apr-2023,0,2.600, , , , , , 
25-apr-2023,0,0.000, , , , , , 
26-apr-2023,0,0.000, , , , , , 
27-apr-2023,0,0.100, , , , , , 
28-apr-2023,0,1.500, , , , , , 
29-apr-2023,0,7.800, , , , , , 
30-apr-2023,0,6.600, , , , , , 
01-may-2023,0,0.000, , , , , , 
02-may-2023,0,0.000, , , , , , 
03-may-2023,0,0.000, , , , , , 
04-may-2023,0,6.700, , , , , , 
05-may-2023,0,0.000, , , , , , 
06-may-2023,0,0.000, , , , , , 
07-may-2023,0,8.100, , , , , , 
08-may-2023,0,17.800, , , , , , 
09-may-2023,0,5.300, , , , , , 
10-may-2023,0,1.400, , , , , , 
11-may-2023,0,7.900, , , , , , 
12-may-2023,0,0.000, , , , , , 
13-may-2023,0,0.000, , , , , , 
14-may-2023,0,0.000, , , , , , 
15-may-2023,0,0.000, , , , , , 
16-may-2023,0,0.000, , , , , , 
17-may-2023,0,0.000, , , , , , 
18-may-2023,0,0.100, , , , , , 
19-may-2023,0,0.000, , , , , , 
20-may-2023,0,0.000, , , , , , 
21-may-2023,0,0.000, , , , , , 
22-may-2023,0,0.000, , , , , , 
23-may-2023,0,0.000, , , , , , 
24-may-2023,0,0.000, , , , , , 
25-may-2023,0,0.000, , , , , , 
26-may-2023,0,0.000, , , , , , 
27-may-2023,0,0.000, , , , , , 
28-may-2023,0,0.000, , , , , , 
29-may-2023,0,0.000, , , , , , 
30-may-2023,0,0.000, , , , , , 
31-may-2023,0,0.000, , , , , , 
01-jun-2023,0,0.000, , , , , , 
02-jun-2023,0,0.000, , , , , , 
03-jun-2023,0,0.000, , , , , , 
04-jun-2023,0,0.000, , , , , , 
05-jun-2023,0,0.000, , , , , , 
06-jun-2023,0,0.000, , , , , , 
07-jun-2023,0,0.000, , , , , , 
08-jun-2023,0,0.000, , , , , , 
09-jun-2023,0,0.000, , , , , , 
10-jun-2023,0,0.900, , , , , , 
11-jun-2023,0,0.000, , , , , , 
12-jun-2023,0,1.900, , , , , , 
13-jun-2023,0,2.600, , , , , , 
14-jun-2023,0,0.000, , , , , , 
15-jun-2023,0,0.000, , , , , , 
16-jun-2023,0,7.600, , , , , , 
17-jun-2023,0,0.800, , , , , , 
18-jun-2023,0,0.600, , , , , , 
19-jun-2023,0,0.000, , , , , , 
20-jun-2023,0,4.100, , , , , , 
21-jun-2023,0,0.000, , , , , , 
22-jun-2023,0,0.700, , , , , , 
23-jun-2023,0,0.200, , , , , , 
24-jun-2023,0,0.400, , , , , , 
25-jun-2023,0,3.600, , , , , , 
26-jun-2023,0,0.000, , , , , , 
27-jun-2023,0,0.400, , , , , , 
28-jun-2023,0,0.800, , , , , , 
29-jun-2023,0,0.600, , , , , , 
30-jun-2023,0,0.300, , , , , , 
01-jul-2023,0,0.000, , , , , , 
02-jul-2023,0,1.000, , , , , , 
03-jul-2023,0,7.900, , , , , , 
04-jul-2023,0,3.900, , , , , , 
05-jul-2023,0,2.400, , , , , , 
06-jul-2023,0,0.600, , , , , , 
07-jul-2023,0,0.000, , , , , , 
08-jul-2023,0,0.000, , , , , , 
09-jul-2023,0,0.300, , , , , , 
10-jul-2023,0,24.600, , , , , , 
11-jul-2023,0,0.000, , , , , , 
12-jul-2023,0,2.000, , , , , , 
13-jul-2023,0,0.000, , , , , , 
14-jul-2023,0,15.000, , , , , , 
15-jul-2023,0,7.000, , , , , , 
16-jul-2023,0,5.500, , , , , , 
17-jul-2023,0,1.800, , , , , , 
18-jul-2023,0,7.000, , , , , , 
19-jul-2023,0,5.200, , , , , , 
20-jul-2023,0,0.500, , , , , , 
21-jul-2023,0,9.700, , , , , , 
22-jul-2023,0,20.300, , , , , , 
23-jul-2023,0,1.900, , , , , , 
24-jul-2023,0,0.600, , , , , , 
25-jul-2023,0,0.000, , , , , , 
26-jul-2023,0,8.200, , , , , , 
27-jul-2023,0,0.100, , , , , , 
28-jul-2023,0,0.100, , , , , , 
29-jul-2023,0,1.700, , , , , , 
30-jul-2023,0,3.100, , , , , , 
31-jul-2023,0,2.300, , , , , , 
01-aug-2023,0,11.000, , , , , , 
02-aug-2023,0,2.300, , , , , , 
03-aug-2023,0,0.000, , , , , , 
04-aug-2023,0,33.900, , , , , , 
05-aug-2023,0,0.600, , , , , , 
06-aug-2023,0,13.500, , , , , , 
07-aug-2023,0,0.000, , , , , , 
08-aug-2023,0,0.200, , , , , , 
09-aug-2023,0,0.000, , , , , , 
10-aug-2023,0,0.000, , , , , , 
11-aug-2023,0,0.000, , , , , , 
12-aug-2023,0,0.000, , , , , , 
13-aug-2023,0,0.000, , , , , , 
14-aug-2023,0,0.000, , , , , , 
15-aug-2023,0,0.000, , , , , , 
16-aug-2023,0,0.000, , , , , , 
17-aug-2023,0,1.100, , , , , , 
18-aug-2023,0,38.100, , , , , , 
19-aug-2023,0,0.300, , , , , , 
20-aug-2023,0,0.000, , , , , , 
21-aug-2023,0,0.000, , , , , , 
22-aug-2023,0,0.100, , , , , , 
23-aug-2023,0,0.100, , , , , , 
24-aug-2023,0,0.000, , , , , , 
25-aug-2023,0,4.600, , , , , , 
26-aug-2023,0,1.700, , , , , , 
27-aug-2023,0,0.100, , , , , , 
28-aug-2023,0,0.200, , , , , , 
29-aug-2023,0,0.000, , , , , , 
30-aug-2023,0,0.000, , , , , , 
31-aug-2023,0,1.700, , , , , , 
